,song_name,class,tempo,total_beats,average_beats,chroma_stft_mean,chroma_stft_std,chroma_stft_var,chroma_cq_mean,chroma_cq_std,chroma_cq_var,chroma_cens_mean,chroma_cens_std,chroma_cens_var,melspectrogram_mean,melspectrogram_std,melspectrogram_var,mfcc_mean,mfcc_std,mfcc_var,mfcc_delta_mean,mfcc_delta_std,mfcc_delta_var,rmse_mean,rmse_std,rmse_var,cent_mean,cent_std,cent_var,spec_bw_mean,spec_bw_std,spec_bw_var,contrast_mean,contrast_std,contrast_var,rolloff_mean,rolloff_std,rolloff_var,poly_mean,poly_std,poly_var,tonnetz_mean,tonnetz_std,tonnetz_var,zcr_mean,zcr_std,zcr_var,harm_mean,harm_std,harm_var,perc_mean,perc_std,perc_var,frame_mean,frame_std,frame_var,genre,artist,title,album,sp_energy,sp_speechiness,sp_valence,sp_danceability,sp_acousticness,sp_instrumentalness,sp_tempo,sp_liveness,sp_loudness
1,Chances-Jill Barber.mp3,relax,66.25600962,78562,1227.53125,0.307315382,0.30134367,0.090808008,0.353651097,0.297036651,0.088230772,0.216105341,0.191394396,0.036631815,15.31716055,116.0967028,13478.44439,1.641481932,55.31514399,3059.765154,0.007328187,3.471373483,12.05043386,0.234704182,0.101152711,0.01023187,1101.730894,727.6427255,529463.9359,1564.91904,494.5612553,244590.8352,24.90874265,11.81209727,139.5256418,2010.967007,1574.974217,2480543.783,2.021811901,2.463506,6.068861812,0.022115619,0.107876409,0.01163732,0.042909982,0.043735024,0.001912752,-4.47E-06,0.232470229,0.05404241,-0.000120768,0.063078903,0.003978948,2.205895692,1.37778688,1.898296687,Easy Listening,Jill Barber,Chances,Chances,0.261,0.0273,0.374,0.411,0.78,0.000389,99.833,0.106,-10.71
2,Ariana Grande、Jessie J、Nicki Minaj - Bang Bang.mp3,happy,151.9990809,187790,1286.232877,0.371282628,0.313925017,0.098548916,0.442870624,0.296566379,0.087951617,0.248766015,0.146454099,0.021448803,9.510394586,59.76263321,3571.572329,-0.625206827,34.97965372,1223.576174,0.008479856,3.853162468,14.84686101,0.199368402,0.084998414,0.00722473,2927.606481,810.1673244,656371.0935,2629.034721,425.6822353,181205.3654,19.92614402,7.307468575,53.39909697,5933.484954,1555.18963,2418614.786,2.632951244,3.411260343,11.63669713,0.016868114,0.089553797,0.008019883,0.143821693,0.074406385,0.00553631,5.57E-05,0.149443686,0.022333415,-4.04E-05,0.113566935,0.01289745,3.436553288,1.325084508,1.755848953,unknown,Jessie J,Bang Bang,Bang Bang,0.789,0.0928,0.761,0.703,0.292,0,150.058,0.377,-3.423
4,Hello Saferide - I Dont Sleep Well.mp3,relax,143.5546875,172930,1441.083333,0.248575306,0.307417814,0.094505712,0.4332118,0.280840015,0.078871114,0.242025999,0.157342776,0.024756749,4.765245396,39.38407019,1551.104985,-3.218819807,66.82487025,4465.563283,0.010628886,2.307695755,5.325459696,0.125603452,0.066736981,0.004453824,1335.174651,852.1430044,726147.6999,2004.941605,615.6050833,378969.6186,21.62301058,6.041672688,36.50180887,2624.684129,2158.118782,4657476.678,0.935602446,1.219534838,1.487265221,-0.018137567,0.082595,0.006821934,0.040599717,0.036459585,0.001329301,0.00012018,0.129226834,0.016699575,0.000645695,0.032468278,0.001054189,13.66610431,2.966420547,8.79965086,unknown,Hello Saferide,I Dont Sleep Well,Introducing... Hello Saferide,0.216,0.03,0.341,0.273,0.881,0.0685,152.294,0.0622,-14.824
5,Cinderella Man-Eminem.mp3,angry,86.1328125,105152,1251.809524,0.501425776,0.288222795,0.08307238,0.620511935,0.227503464,0.051757826,0.280614503,0.067740934,0.004588834,11.22467757,85.06737809,7236.458816,4.643244691,24.50922869,600.7022912,0.003620713,3.157887015,9.972250398,0.219087228,0.089592814,0.008026873,2982.575033,875.6569779,766775.143,2637.3111,357.1801198,127577.638,18.15677509,6.792132328,46.13306157,6032.417689,1487.158311,2211639.843,3.122170315,3.748583938,14.05188154,0.004705645,0.04646154,0.002158675,0.160491282,0.095196835,0.009062437,-3.80E-05,0.15173997,0.023025017,6.08E-05,0.130665302,0.017073423,5.80614966,3.213330277,10.32549147,Rap,Eminem,Cinderella Man,Recovery,0.9,0.209,0.684,0.662,0.268,0,86.032,0.0838,-3.364
6,i'm sorry for the hating.mp3,sad,129.1992188,163672,1288.755906,0.319963366,0.294854599,0.086939235,0.399124985,0.283777421,0.080529625,0.230290399,0.174067991,0.030299666,20.88465556,105.5847017,11148.12923,4.440282722,35.3533734,1249.861011,0.011635498,2.735098882,7.480765894,0.291016251,0.074976273,0.005621441,2121.99931,893.8030519,798883.8957,2667.952583,643.7661711,414434.883,22.277266,6.026759265,36.32182724,5211.085156,2327.105204,5415418.63,2.816745304,3.139890045,9.858909492,-0.013954561,0.09875794,0.009753131,0.067002807,0.038788837,0.001504574,2.19E-06,0.265491843,0.07048592,-5.62E-06,0.083328038,0.006943563,4.400181406,2.618583994,6.856982134,Indie,Fine China,I'm Sorry For the Hating,The Jaws of Life,0.533,0.0296,0.328,0.51,0.277,0,127.975,0.673,-5.127
8,OneRepublic - Everybody Loves Me.mp3,happy,172.265625,217453,1286.704142,0.463860423,0.295551995,0.087350982,0.619069341,0.235569632,0.055493051,0.274593179,0.089061323,0.007931919,10.42689392,86.62280966,7503.511154,3.536985863,40.15370082,1612.319689,0.014697697,3.083448063,9.507651959,0.191351831,0.099989131,0.009997827,2157.663033,902.5120203,814527.9468,2382.078838,561.622194,315419.4888,18.64469492,7.051369384,49.72181019,4774.062799,1961.747232,3848452.203,2.459090911,3.099786827,9.608678376,0.006547919,0.046670571,0.002178142,0.092593733,0.062755453,0.003938247,-0.000104545,0.127505079,0.016257545,0.000128138,0.116483763,0.013568467,3.003501134,1.413888855,1.999081695,Rock,OneRepublic,Everybody Loves Me,Everybody Loves Me - Single,0.902,0.0885,0.65,0.575,0.0532,0,170.121,0.0907,-5.697
9,fort minor - petrified.mp3,angry,112.3471467,130135,1626.6875,0.421325187,0.329573114,0.108618438,0.44237347,0.291152439,0.084769743,0.240630901,0.159468188,0.025430103,18.71622765,155.5338691,24190.78443,-1.151313916,49.86197256,2486.216308,0.008612422,3.362038614,11.30330364,0.233371019,0.170775071,0.029164126,2120.172987,777.3764328,604314.1183,2135.458848,578.4409342,334593.9143,21.5297997,9.840698744,96.83935176,4328.077995,1729.360544,2990687.89,3.027040588,4.624473773,21.38575768,-0.000557183,0.082965265,0.006883235,0.102815516,0.058626138,0.003437024,-6.31E-05,0.165939957,0.027536068,-0.000156334,0.165024117,0.02723296,14.58677551,6.977133116,48.68038653,General Hip Hop,Fort Minor,Petrified,The Rising Tied,0.962,0.107,0.525,0.874,0.201,0.000896,109.976,0.0458,-2.729
10,We Found Love.mp3,happy,172.265625,211157,1295.441718,0.277639851,0.303671931,0.092216642,0.490350093,0.271238023,0.073570065,0.258232387,0.129032428,0.016649368,8.664839365,72.12612514,5202.177928,-6.240291187,32.10221151,1030.551984,0.007304338,3.495505773,12.21856061,0.190573201,0.094603032,0.008949734,2947.543008,721.3104117,520288.71,2541.943105,413.7612368,171198.3611,21.54886652,6.797643492,46.20795705,5751.527721,1529.516031,2339419.29,2.344821076,3.009329915,9.056066536,-0.031100717,0.076510004,0.005853781,0.162705743,0.057293049,0.003282493,-1.01E-06,0.175479963,0.030793216,-8.68E-05,0.078586258,0.0061758,2.302258503,1.284994787,1.651211602,unknown,Rihanna,We Found Love,We Found Love,0.758,0.057,0.608,0.737,0.0253,0.0019,128.007,0.169,-4.389
11,02 Sugar Rush.mp3,happy,143.5546875,174619,1274.591241,0.446604724,0.297004317,0.088211564,0.603010186,0.245925688,0.060479444,0.276608813,0.082588727,0.006820898,19.6633691,107.0197021,11453.21663,5.647119831,32.86225513,1079.927812,-0.00101918,4.774379903,22.79470346,0.286769748,0.11053732,0.012218499,2805.048442,1166.238385,1360111.97,2646.784577,473.1831608,223902.3037,18.79897961,6.627226681,43.92013349,5774.615082,1951.32364,3807663.949,3.912030798,4.978231526,24.78278913,0.010783652,0.047833427,0.002288037,0.13880944,0.09866202,0.009734194,-3.25E-05,0.182563618,0.033329476,-0.000161516,0.186333016,0.034719992,2.527492063,1.407046389,1.979779542,Rock,Cash Cash,Sugar Rush,Take It To The Floor,0.85,0.0792,0.866,0.655,0.0179,0,140.043,0.114,-2.561
12,No Way Out.mp3,sad,129.1992188,165440,1282.48062,0.327171814,0.306677208,0.09405091,0.359030504,0.294618696,0.086800176,0.213902528,0.193853145,0.037579042,8.753663539,62.1002337,3856.439025,-2.418082341,61.59217588,3793.59613,0.01321377,3.220447794,10.371284,0.179713398,0.071933344,0.005174406,1175.002489,789.124199,622717.0014,1657.295674,717.2046897,514382.567,24.40839239,6.685721442,44.6988712,2216.382431,1772.22156,3140769.259,1.532926118,1.935435608,3.745910993,0.009133989,0.114763217,0.013170596,0.040779988,0.035161513,0.001236332,-8.19E-06,0.175664052,0.030857857,2.97E-06,0.054673348,0.002989175,6.421478458,3.38753176,11.47537143,Soundtrack,Rie Sinclair,No Way Out,Music From Vampire Diaries Sea,0.442,0.0277,0.102,0.572,0.138,0.487,129.958,0.0881,-8.601
13,all of me.mp3,sad,123.046875,149011,1241.758333,0.22301276,0.296808193,0.088095104,0.392170881,0.28882404,0.083419326,0.233375853,0.169908931,0.028869045,9.488211704,64.47543004,4157.081078,-9.143643928,48.06704962,2310.441259,0.006407212,2.675401072,7.157770896,0.190895006,0.073919818,0.005464139,1732.783477,787.5844609,620289.283,2058.060102,622.3360528,387302.1626,25.26200452,6.485604139,42.06306105,3637.523838,1930.329128,3726170.542,1.71941165,2.019202917,4.077180422,0.002471445,0.103563575,0.010725414,0.067309306,0.041971364,0.001761595,-1.17E-05,0.188204423,0.035420902,-6.22E-05,0.047813639,0.002286144,6.178829932,3.248652563,10.55374348,unknown,John Legend,All Of Me,Love in the Future (Deluxe Edition),0.264,0.0322,0.331,0.422,0.922,0,119.93,0.132,-7.064
14,Beautiful.mp3,relax,151.9990809,181162,1240.835616,0.293966577,0.293307513,0.086029297,0.340213757,0.289954476,0.084073598,0.208965905,0.199164715,0.039666584,6.431518088,33.51365142,1123.164832,0.590644047,56.13506917,3151.145991,0.011936214,2.343532646,5.492145263,0.161444381,0.05202378,0.002706473,1401.95847,824.1844706,679280.0417,1877.042362,632.3677799,399889.009,24.05415306,6.270978267,39.32516843,2726.946011,1683.812381,2835224.134,1.601080462,1.944335347,3.780439941,0.019265254,0.107402102,0.011535212,0.05834772,0.04813623,0.002317097,2.25E-06,0.150592789,0.022678189,7.58E-05,0.048800338,0.002381473,2.598312925,1.933176624,3.737171858,unknown,Christina Aguilera,Beautiful,Stripped,0.573,0.0275,0.0992,0.457,0.578,3.05E-06,76.193,0.114,-3.866
15,American Authors - Best Day Of My Life.mp3,happy,99.38401442,126240,1275.151515,0.379109145,0.294520768,0.086742483,0.592934519,0.244529584,0.059794718,0.273853327,0.091310944,0.008337689,22.51175777,120.059795,14414.35438,7.611761106,32.13394028,1032.590118,0.00923644,2.828115979,7.998239991,0.30962342,0.077622123,0.006025194,2136.410967,662.6046343,439044.9014,2381.684242,452.3694209,204638.093,19.92883315,7.228947084,52.25767594,4701.325738,1587.208829,2519231.866,3.85281792,4.382439695,19.20577768,-0.000782143,0.049031044,0.002404043,0.082779356,0.040181813,0.001614578,2.33E-06,0.247436374,0.061224762,0.000528998,0.124460384,0.015490387,2.34985941,1.372544856,1.883879381,unknown,American Authors,Best Day Of My Life,Best Day Of My Life,0.902,0.0347,0.521,0.673,0.0629,0.000174,100.016,0.0552,-2.378
17,The Drums - Down By The Water.mp3,angry,80.74951172,92775,1220.723684,0.262399723,0.301648852,0.09099203,0.42502922,0.286452078,0.082054793,0.232769947,0.17073806,0.029151485,11.38379504,70.85821277,5020.886317,-0.436422994,41.63783394,1733.709215,0.008281402,2.351485045,5.529481918,0.207559854,0.080686487,0.006510309,2139.844216,795.0954648,632176.7981,2543.547803,470.2967423,221179.0258,21.64825676,6.832446441,46.68232437,5113.760744,1728.43928,2987502.344,2.043824473,2.507698665,6.288552597,0.000211848,0.085302296,0.007276482,0.068469919,0.038120016,0.001453136,-3.44E-07,0.192405999,0.037020069,8.82E-06,0.06440296,0.004147741,7.072798186,3.952281843,15.62053177,tsururadio,The Drums,Down By the Water,Summertime!,0.423,0.0256,0.297,0.31,0.654,0,79.817,0.142,-7.958
19,Justin Timberlake - Not A Bad Thing.mp3,happy,86.1328125,107300,1277.380952,0.398108472,0.303136114,0.091891504,0.443194504,0.294026741,0.086451725,0.242252529,0.156993775,0.024647045,13.72377754,118.1066515,13949.18113,3.593711105,35.28490616,1245.024603,0.011911753,2.907954813,8.456201194,0.219738096,0.111307785,0.012389423,2136.047721,891.9791874,795626.8708,2423.550901,510.8223484,260939.4716,20.48161929,6.782121304,45.99716939,4567.07655,1959.705294,3840444.839,2.516230546,3.18861129,10.16724196,0.016026824,0.083189295,0.006920459,0.084916342,0.064074037,0.004105482,5.22E-06,0.164298385,0.026993958,4.95E-05,0.129800871,0.016848268,2.299936508,1.154138614,1.332035939,unknown,Justin Timberlake,Not a Bad Thing,Not a Bad Thing,0.729,0.0626,0.459,0.594,0.271,0,86.032,0.383,-5.774
21,ThePixiesHereComesYourMan.mp3,happy,123.046875,159398,1285.467742,0.426294164,0.277137151,0.076805,0.538347926,0.26406119,0.069728312,0.265690904,0.112879038,0.012741677,1.528087118,7.035273491,49.4950731,0.911020697,39.18233583,1535.255441,0.014036709,2.959334057,8.757658063,0.082515933,0.023481162,0.000551365,2401.663847,777.2518336,604120.4128,2378.42078,461.3575227,212850.7637,20.13656213,6.826698851,46.60381721,4885.878789,1605.575071,2577871.309,1.222776786,1.394345995,1.944200753,-0.004273079,0.05958044,0.003549829,0.120562196,0.057470226,0.003302827,-4.20E-06,0.058683313,0.003443731,-8.43E-05,0.041737076,0.001741984,4.744997732,1.804330553,3.255608743,Pop,Pixies,Here Comes Your Man,unknown,0.788,0.0294,0.869,0.664,0.0451,0.0416,124.51,0.117,-12.323
24,Cash Cash - Take Me Home.mp3,angry,129.1992188,92225,960.6770833,0.428682572,0.297833151,0.088704586,0.491769436,0.275012325,0.075631779,0.251953288,0.140900227,0.019852874,13.78005459,106.168041,11271.65293,5.609853088,26.7447227,715.2801923,0.012905639,2.751020118,7.568111689,0.228166848,0.106508955,0.011344157,2751.566407,729.3322167,531925.4823,2626.810874,355.9748074,126718.0635,20.37324363,7.72409048,59.66157375,5799.981595,1324.137265,1753339.495,2.652347415,3.171229487,10.05669646,0.012913766,0.059996139,0.003599537,0.112066027,0.063309078,0.004008039,9.11E-06,0.202653959,0.041068625,-4.68E-05,0.097663678,0.009538194,11.0596644,3.127703757,9.782530795,unknown,Cash Cash,Take Me Home (feat. Bebe Rexha) [Jordy Dazz Remix Radio Edit],Take Me Home Remixes (feat. Bebe Rexha),0.912,0.0574,0.236,0.615,0.00344,0.000344,128.071,0.398,-5.864
25,Statue.mp3,sad,117.4538352,151286,1282.084746,0.373466427,0.298469394,0.089083979,0.422500334,0.286583867,0.082130313,0.237400817,0.164238198,0.026974186,6.398606263,47.29772922,2237.075189,1.428642358,49.67699074,2467.803409,0.012467756,3.73267491,13.93286199,0.151030362,0.068651371,0.004713011,1533.721083,797.059686,635304.143,2015.072389,627.1610707,393331.0087,22.64509445,7.009564228,49.13399067,3292.850922,1847.466918,3413134.012,1.630240237,2.080314893,4.327710053,0.021415114,0.091314134,0.008338271,0.050511977,0.037660358,0.001418303,-6.87E-07,0.120320521,0.014477028,-1.30E-05,0.079601288,0.006336365,4.209777778,2.508304366,6.291590792,Indie,Smile Smile,Statue,Marry A Stranger,0.313,0.0307,0.362,0.74,0.223,0.143,120.09,0.195,-10.038
27,She will be loved.mp3,happy,103.359375,121426,1239.040816,0.313591534,0.305942464,0.093600791,0.474365719,0.284943046,0.081192539,0.250760596,0.143012086,0.020452457,10.08352703,62.16393634,3864.354982,0.78363573,49.81537174,2481.571261,0.01207641,4.378562889,19.17181297,0.195166022,0.075729236,0.005734918,1913.954871,1049.889054,1102267.026,2394.851025,598.075877,357694.7546,23.27139403,7.005730715,49.08026285,4109.208486,2377.438096,5652211.902,1.804154726,2.24846355,5.055588335,-0.000771501,0.081286,0.006607414,0.068871844,0.062500936,0.003906367,2.61E-06,0.172701165,0.029825693,6.13E-05,0.08364962,0.006997259,3.310004535,1.449201904,2.100186158,Funk,Maroon 5,She Will Be Loved,ÎåºÅÖ½ÅÚÀÖÍÅMaroon 5-¸øÕäµÄ¸èSongs For Jane,0.684,0.0288,0.515,0.695,0.0593,0,102.041,0.125,-5.403
30,Creep.mp3,angry,92.28515625,115455,1254.945652,0.396394451,0.305363255,0.093246718,0.457715898,0.296484145,0.087902848,0.241346253,0.158383457,0.025085319,0.985873239,7.715090148,59.522616,-2.119058478,63.51765364,4034.492324,0.013313765,4.393682061,19.30444205,0.060907878,0.026317041,0.000692587,2318.007565,1136.1662,1290873.635,2750.723919,595.4820071,354598.8208,20.44234565,6.146800233,37.7831531,5474.191898,2352.02451,5532019.293,0.547870011,0.747187007,0.558288424,0.028259403,0.086058776,0.007406113,0.076731773,0.080485293,0.006477882,3.97E-05,0.047216687,0.002229416,0.000408016,0.034519661,0.001191607,3.399401361,1.687076322,2.846226515,Alternative,Radiohead,Creep,Pablo Honey (Collector S Editi,0.43,0.0369,0.104,0.515,0.0102,0.000141,91.841,0.129,-9.935
31,How Does It Feel.mp3,angry,117.4538352,149985,1281.923077,0.331330205,0.299620836,0.089772645,0.41387678,0.29204317,0.085289213,0.230841854,0.173336008,0.030045372,6.426785278,53.83884479,2898.621208,-1.583115739,48.79379766,2380.83469,0.010272214,3.618970622,13.09694836,0.153889582,0.071182787,0.005066989,2060.56282,1232.659866,1519450.344,2440.035826,655.1956827,429281.3826,23.272826,6.714159057,45.07993184,4432.63153,2449.790527,6001473.626,1.459248088,1.856007624,3.4447643,0.027078101,0.099226097,0.009845818,0.074963077,0.083949779,0.007047565,5.65E-06,0.135005191,0.018226402,-1.14E-06,0.069872305,0.004882139,2.654040816,1.414838539,2.001768091,Rock,avril lavigne,how does it feel,under my skin,0.583,0.026,0.339,0.646,0.0209,2.40E-06,118.055,0.119,-4.532
32,deconstruction.mp3,sad,123.046875,153258,1266.595041,0.298061611,0.305695833,0.093449942,0.420316727,0.285439344,0.081475619,0.241611473,0.157978573,0.02495723,10.22858819,76.20195655,5806.738182,-3.755188398,51.69228109,2672.091924,0.011395268,3.366728121,11.33485824,0.190383747,0.098958217,0.009792729,1567.493584,1088.520375,1184876.606,1930.995602,576.168737,331970.4135,23.48129033,6.173941252,38.11755058,3034.698316,2001.018882,4004076.567,1.788288413,2.395732505,5.739534234,0.01375502,0.094183186,0.008870473,0.061576725,0.081884056,0.006704999,-0.000467382,0.180299222,0.032507807,-0.00052308,0.078729033,0.00619826,4.350258503,2.134737047,4.55710226,Folk,Justin McRoberts,Deconstruction,Deconstruction,0.347,0.0278,0.341,0.686,0.571,4.53E-05,124.023,0.0974,-7.093
33,bubbly.mp3,relax,129.1992188,160187,1271.325397,0.285136871,0.304616601,0.092791273,0.407129522,0.292148034,0.085350474,0.238864842,0.162101575,0.026276921,12.7132254,70.07158111,4910.026479,-4.762874415,46.34998833,2148.321418,0.012493436,3.417252642,11.67761562,0.222230464,0.086925656,0.007556069,1880.732963,1093.087341,1194839.936,2220.628129,713.6530943,509300.7391,23.80853652,6.749113853,45.5505378,3809.314466,2281.991704,5207486.137,2.152222198,2.757624048,7.604490392,-0.007923848,0.098266254,0.009656257,0.073488785,0.061428697,0.003773485,8.55E-06,0.194402665,0.037792396,3.93E-05,0.095215976,0.009066082,4.150566893,2.398980658,5.755108198,Other,Colbie Caillat,Bubbly,Coco,0.491,0.042,0.24,0.664,0.594,0,127.97,0.11,-6.544
35,everything you want.mp3,happy,95.703125,119601,1286.032258,0.341326683,0.298960105,0.089377145,0.496381316,0.26505889,0.070256215,0.26014207,0.12513767,0.015659437,6.792665687,41.157296,1693.923014,-1.177593535,47.53732695,2259.797453,0.010278023,3.289983331,10.82399032,0.152596533,0.081412815,0.006628047,1849.622478,768.7058852,590908.738,2142.937273,581.829541,338525.6148,20.33915789,6.64757094,44.1901994,3945.659474,1655.012685,2739066.988,1.876645942,2.490076703,6.200481985,-0.002695755,0.070340969,0.004947852,0.076139751,0.050812634,0.002581924,-6.82E-06,0.127303705,0.016206233,4.27E-05,0.074477777,0.005546939,2.122303855,1.049182287,1.100783472,unknown,Vertical Horizon,Everything You Want,unknown,0.759,0.0305,0.741,0.637,0.0504,0,93.898,0.0642,-6.389
36,The Scientist.mp3,sad,73.828125,89172,1255.943662,0.311732833,0.285416912,0.081462814,0.506896411,0.251155898,0.063079285,0.256263035,0.132900678,0.01766259,2.371928937,13.15989766,173.1829065,-8.411163456,55.17193387,3043.942287,0.008735131,2.771396334,7.680637641,0.095787413,0.038637903,0.001492888,1514.805678,836.4750931,699690.5815,1663.907827,637.9445842,406973.2925,24.51423969,6.454481501,41.66033144,3010.698461,1786.992892,3193343.597,1.118091818,1.30032589,1.690847421,-0.008568909,0.084402869,0.007123844,0.074183981,0.052584192,0.002765097,2.66E-07,0.089075975,0.007934529,-6.56E-06,0.029395204,0.000864078,5.784090703,2.946775091,8.683483438,unknown,Coldplay,The Scientist,The Scientist,0.442,0.0243,0.212,0.56,0.727,1.71E-05,146.448,0.11,-7.224
37,miley cyrus - can't be tamed.mp3,angry,117.4538352,145577,1265.886957,0.389907229,0.298203927,0.088925582,0.600942704,0.240118625,0.057656954,0.274860101,0.088234109,0.007785258,14.78974833,93.73588411,8786.415969,6.66411771,21.46951737,460.9401759,0.01255748,2.460072989,6.05195911,0.258569896,0.081952117,0.006716149,3260.511824,768.0563199,589910.5106,3040.241297,261.2557086,68254.54529,18.55400427,6.254642268,39.1205499,7255.047796,1062.394312,1128681.674,3.462182224,3.979471573,15.836194,-0.003686135,0.046388197,0.002151865,0.161090107,0.078479885,0.006159092,5.46E-05,0.168333143,0.028336046,-0.000455353,0.139692441,0.01951398,2.166421769,1.214097246,1.474032123,Other,Miley Cyrus,Can't Be Tamed,Can't Be Tamed,0.919,0.143,0.793,0.637,0.0359,0,116.987,0.22,-2.842
39,Boston.mp3,angry,69.83741554,85583,1258.573529,0.204444491,0.297649916,0.088595472,0.393513588,0.281533456,0.079261087,0.23450161,0.168351799,0.028342328,0.529315553,7.02768074,49.38829658,-14.48677167,83.31216675,6940.917128,0.005006694,2.808399274,7.887106481,0.04073092,0.030308375,0.000918598,1804.95464,1057.653742,1118631.437,1687.969484,867.1633222,751972.2273,23.09034027,7.140617235,50.9884145,3135.351874,2345.13785,5499671.538,0.32662394,0.504906401,0.254930474,0.035107809,0.092238862,0.008508008,0.113016512,0.071355541,0.005091613,1.16E-06,0.044723678,0.002000207,-9.02E-08,0.017840005,0.000318266,2.312707483,1.355564168,1.837554213,unknown,Augustana,Boston,Midwest skies and sleepless mondays,0.571,0.0303,0.29,0.404,0.182,2.08E-05,147.01,0.129,-5.069
42,what I've done.mp3,angry,123.046875,153922,1399.290909,0.38061029,0.298550957,0.089132674,0.472212675,0.279178985,0.077940906,0.245687043,0.151562561,0.02297121,6.946963843,62.12976435,3860.107619,-1.169554399,43.98736847,1934.888585,0.009100347,2.576110925,6.6363475,0.147147253,0.106265351,0.011292324,2635.410285,877.9283668,770758.2173,2469.655306,627.8624408,394211.2446,21.28964961,7.342395723,53.91077496,5503.291722,1804.74078,3257089.284,1.982661544,2.957938192,8.749398349,0.010734302,0.080466186,0.006474807,0.123520417,0.062103955,0.003856901,-1.47E-05,0.136457726,0.018620711,0.000118981,0.079444021,0.006311352,7.36769161,1.438608776,2.069595211,Alternative,Linkin Park,What I've Done,Minutes To Midnight,0.93,0.0324,0.287,0.623,0.0141,1.64E-06,120.119,0.138,-5.285
46,Jason Mraz - 3 Things.mp3,relax,99.38401442,127049,1296.418367,0.337353994,0.305409965,0.093275247,0.475143699,0.28190315,0.079469386,0.255947937,0.133506505,0.017823987,5.8899301,54.97753553,3022.529413,-2.146676659,44.51984257,1982.016383,0.013028546,2.933266504,8.604052384,0.140201181,0.078930676,0.006230052,2241.111395,935.4604526,875086.2585,2549.618099,456.7144979,208588.1326,22.26626442,6.155406784,37.88903267,4910.820305,1816.998029,3301481.836,1.405990132,1.831808546,3.355522549,0.01548627,0.079792727,0.006366879,0.082234008,0.070461533,0.004964828,-1.84E-05,0.111668572,0.01246987,-7.49E-05,0.08481738,0.007193988,2.890884354,1.216191536,1.479121852,unknown,Jason Mraz,3 Things,3 Things,0.604,0.0365,0.71,0.645,0.217,0,100.026,0.286,-8.749
47,Lollipop.mp3,happy,95.703125,119498,1271.255319,0.464148015,0.309187395,0.095596845,0.554561134,0.272917157,0.074483775,0.265034553,0.114411621,0.013090019,12.12954056,97.94172606,9592.581703,4.276200457,41.99451229,1763.539063,0.011406755,4.156588496,17.27722792,0.207232714,0.107610255,0.011579967,2245.415506,1056.665367,1116541.697,2295.644412,492.3131033,242372.1917,20.42029573,8.065927902,65.05919291,4414.448306,1867.420095,3487257.811,2.271944717,2.967982952,8.808922804,0.004732107,0.056181989,0.003156416,0.099628271,0.080286086,0.006445856,2.37E-05,0.152954027,0.023394935,-0.00167657,0.136367798,0.018596178,2.766657596,1.535017708,2.356279365,unknown,Mika,Lollipop,Life In Cartoon Motion,0.596,0.0761,0.879,0.712,0.0302,3.32E-06,95.994,0.13,-5.31
50,"augustana - either way, i'll break your heart someday.mp3",sad,86.1328125,83817,1132.662162,0.390356983,0.292415013,0.08550654,0.507295575,0.265987659,0.070749434,0.258208522,0.129080178,0.016661692,19.8494694,125.1658505,15666.49012,6.917626636,31.7998454,1011.230167,0.011784712,2.553376421,6.519731147,0.292499542,0.059825871,0.003579135,2050.619336,877.2517967,769570.7148,2300.150414,482.9441849,233235.0857,21.10897123,7.020117621,49.28205141,4478.27292,1780.202388,3169120.544,3.357598848,3.582197003,12.83213537,-0.009186807,0.062756358,0.00393836,0.080773699,0.057575775,0.00331497,6.71E-06,0.24457635,0.05981759,-0.00020498,0.097153179,0.00943874,4.585941043,2.611470785,6.81977966,unknown,Augustana,"Either Way, I'll Break Your Heart Someday","Can't Love, Can't Hurt",0.619,0.034,0.218,0.444,0.0369,0,130.169,0.141,-4.913
52,Valentine.mp3,relax,151.9990809,187708,1526.081301,0.295066879,0.322210677,0.103819721,0.488433296,0.308276542,0.095034427,0.250607019,0.143281036,0.020529455,4.694198467,56.18554731,3156.815726,-8.414350445,65.58126024,4300.901695,0.010982017,2.706455857,7.324903305,0.111803152,0.089948133,0.008090666,2191.450471,1202.412457,1445795.716,2165.804248,596.0846685,355316.932,21.66672273,7.534512734,56.76888213,4113.504293,2348.011026,5513155.78,1.031255836,1.649936711,2.72229115,0.020752218,0.083104451,0.00690635,0.109773524,0.091293528,0.008334508,-1.17E-05,0.096264318,0.009266819,0.000177608,0.095030487,0.009030793,6.361106576,3.166315408,10.02555326,unknown,Jessie Ware,Valentine,Devotion - The Gold Edition,0.453,0.0708,0.24,0.712,0.711,0.00445,152.984,0.0728,-12.278
55,The Black Keys - Fever.mp3,happy,129.1992188,162804,1281.92126,0.449830628,0.304587575,0.092773591,0.519208091,0.285057622,0.081257848,0.259222527,0.127031551,0.016137015,15.59782075,102.925665,10593.69252,6.57800758,37.05370788,1372.977268,0.018037925,3.761580208,14.14948566,0.244390577,0.086038888,0.00740269,1928.719048,753.9694207,568469.8873,2456.483197,486.9000922,237071.6998,19.48097185,6.970322925,48.58540168,4512.414381,1876.604922,3521646.035,2.441156469,2.965714736,8.795463895,-0.002814189,0.066014475,0.004357911,0.053514983,0.037709641,0.001422017,2.38E-05,0.174495086,0.030448537,9.07E-05,0.147288889,0.021694016,2.501950113,1.491705893,2.225186472,Alternative,The Black Keys,Fever,Turn Blue,0.674,0.0355,0.743,0.609,0.00378,0.000302,127.541,0.129,-6.506
58,05 Can't Stop Looking.mp3,angry,117.4538352,149656,1268.271186,0.38447481,0.296974626,0.088193929,0.496820488,0.273577739,0.074844779,0.254130476,0.136934417,0.018751034,17.08610045,89.80545797,8065.020282,5.713810169,25.49932507,650.2155792,0.019535258,2.929327827,8.580961518,0.270545274,0.086223774,0.007434539,2747.224784,986.0288504,972252.8937,2702.120315,360.0303899,129621.8816,19.8028955,6.680663568,44.63126571,5862.927048,1619.273281,2622045.959,3.654924852,4.320523664,18.66692473,0.019299509,0.070163672,0.004922941,0.129559118,0.083318753,0.006942015,-3.29E-05,0.201171622,0.040470023,-0.000393462,0.142241448,0.020232631,5.575111111,1.869341914,3.494439192,Rock,Cash Cash,Can't Stop Looking,Take It To The Floor,0.878,0.0517,0.592,0.669,0.064,0,119.973,0.674,-3.465
59,communication.mp3,sad,123.046875,158997,1292.658537,0.293995648,0.296104469,0.087677856,0.392877169,0.281894746,0.079464648,0.226888764,0.178479192,0.031854822,4.407462668,31.29081124,979.1148682,-4.384799861,54.9952701,3024.479733,0.012102033,2.334738624,5.451004443,0.124447137,0.059481777,0.003538082,1587.945312,794.5187793,631260.0907,2021.939705,729.4349031,532075.2779,23.34134381,6.249215298,39.05269184,3376.092085,1889.312031,3569499.951,1.175042651,1.435989085,2.062064653,-0.015533103,0.103332556,0.010677617,0.060871514,0.043148082,0.001861757,-2.88E-06,0.121549502,0.014774282,1.01E-06,0.037108038,0.001377006,4.84368254,2.648931775,7.016839548,Rock/Pop,The Cardigans,Communication,¦Ï¤ò­m¦X°Û¹ÎThe Cardigans-¾¤©ú¤§«e,0.377,0.0281,0.129,0.491,0.299,0.00046,126.286,0.0802,-9.082
60,P!nk - Trouble.mp3,angry,135.9991776,99409,974.5980392,0.441784164,0.28007065,0.078439569,0.518537678,0.261397353,0.068328576,0.263078843,0.118839621,0.014122856,14.61756236,69.87923944,4883.108104,4.925074247,30.01727607,901.0368624,0.011595283,2.905464714,8.441725206,0.24954249,0.094421715,0.00891546,2679.644513,743.3595582,552583.4327,2615.650419,441.7020676,195100.7165,19.59520941,7.063240969,49.88937299,5653.874145,1489.559339,2218787.024,3.743096375,4.551466451,20.71584685,0.006931357,0.05984022,0.003580852,0.125165343,0.054858752,0.003009483,-1.91E-05,0.181658223,0.032999709,-6.55E-05,0.126434714,0.015985738,2.41139229,1.353750738,1.83264106,unknown,Pink,Trouble,Greatest Hits...So Far!!! (Deluxe Version),0.932,0.0479,0.853,0.572,0.0068,0,135.522,0.491,-2.7
61,My Savior My God.mp3,sad,151.9990809,199796,1289.006452,0.286316926,0.298905456,0.089344472,0.406300426,0.285722644,0.081637429,0.230269608,0.174095494,0.030309241,6.383732988,43.53035027,1894.891395,-2.832072652,53.48991965,2861.171505,0.014187906,3.615326853,13.07058826,0.157077119,0.05755366,0.003312424,1801.070259,1192.847407,1422884.936,2236.889653,859.0128535,737903.0825,23.30931289,6.547888062,42.87483807,4043.467216,2746.851446,7545192.866,1.405654418,1.742542511,3.036454403,-0.014445246,0.09693085,0.00939559,0.061783073,0.067273226,0.004525687,4.57E-06,0.142378971,0.020271771,6.93E-05,0.059168607,0.003500924,3.267047619,1.808282946,3.269887214,unknown,Aaron Shust,My Savior My God,Wow Worship [Purple],0.467,0.0241,0.241,0.563,0.0229,0,77.982,0.0945,-6.087
62,keep on walking.mp3,relax,89.10290948,108713,1264.104651,0.39053911,0.313667135,0.098387072,0.496854334,0.282233462,0.079655727,0.256427902,0.132582294,0.017578065,6.202968755,42.31141527,1790.255863,-2.393596932,45.46645003,2067.198078,0.008906781,3.668794156,13.46005056,0.141389966,0.090170637,0.008130744,2527.527083,876.2790443,767864.9635,2430.062287,390.3044144,152337.5359,20.17552258,7.223677347,52.18151441,5103.810805,1490.1996,2220694.848,1.77923065,2.672028045,7.139733872,-0.011597275,0.076993657,0.005928023,0.127346547,0.089625746,0.008032774,-7.10E-06,0.109032549,0.011888096,6.20E-06,0.096153758,0.009245546,4.401342404,2.66379007,7.095777538,Other,Jem,Keep On Walking,Down To Earth,0.775,0.059,0.612,0.553,0.399,0,177.818,0.335,-5.176
66,09 Two Days Old.mp3,angry,89.10290948,111193,1263.556818,0.417689522,0.298966076,0.089380715,0.522549055,0.264303343,0.069856257,0.260395108,0.124610276,0.015527721,19.22454323,119.6404072,14313.82704,4.869211736,22.00198358,484.0872815,0.015748295,2.318362461,5.374804498,0.283531308,0.099084117,0.009817662,3110.351939,876.3869878,768054.1524,2907.482606,333.8576598,111460.937,19.0515848,6.838758481,46.76861756,6807.338004,1269.131294,1610694.242,3.826566003,4.369325235,19.09100301,0.013555101,0.06351605,0.004034289,0.159003763,0.095097573,0.009043548,-2.33E-05,0.213585109,0.045618601,-0.000178513,0.138323158,0.019133294,4.024018141,2.299749838,5.288849318,Rock,Cash Cash,Two Days Old,Take It To The Floor,0.916,0.0552,0.561,0.42,0.112,0,176.947,0.34,-3.145
67,Neon Trees - Everybody Talks.mp3,happy,151.9990809,191734,1261.407895,0.355992153,0.305074033,0.093070166,0.538706546,0.258082994,0.066606832,0.264013699,0.116748019,0.0136301,12.82402759,91.66717108,8402.870254,1.406637081,30.78036598,947.4309298,0.012947766,2.574310966,6.627076951,0.227062926,0.108579144,0.01178943,2706.165087,803.4207256,645484.8623,2374.743298,487.6032149,237756.8952,20.16715428,7.200830203,51.85195561,5265.522327,1572.476289,2472681.678,3.173689858,3.900664233,15.21518146,0.007231819,0.063525954,0.004035547,0.143138968,0.070225338,0.004931598,-4.48E-06,0.18379955,0.033782277,2.82E-06,0.116175823,0.013496822,2.604117914,1.286860592,1.656010182,Alternative,Neon Trees,Everybody Talks,Everybody Talks - Single,0.915,0.0652,0.703,0.478,0.00584,0,154.955,0.386,-3.858
68,04 Cash Cash.mp3,happy,78.30255682,96777,1256.844156,0.365508221,0.291254092,0.084828946,0.520943074,0.268443013,0.072061651,0.259558766,0.126343106,0.01596258,20.55816446,104.627183,10946.84741,5.380153314,25.09520885,629.7695072,0.015801155,2.676035007,7.161163356,0.300100654,0.094890833,0.00900427,2721.043867,868.4274012,754166.1511,2635.11668,434.5194935,188807.1902,20.41124837,6.975921795,48.66348489,5713.632117,1665.208425,2772919.098,4.109289954,4.815355279,23.18764647,-0.010851068,0.071207066,0.005070446,0.133790385,0.072843135,0.005306122,-0.000117496,0.219225794,0.048059948,0.000514581,0.155716091,0.024247503,6.940444444,4.839998338,23.42558391,Rock,Cash Cash,Cash Cash,Take It To The Floor,0.887,0.0365,0.343,0.65,0.0651,0.000344,108.026,0.282,-3.517
70,We Belong To No One.mp3,relax,103.359375,121489,1227.161616,0.412173376,0.289650775,0.083897571,0.475305128,0.283821157,0.080554449,0.247911319,0.147896285,0.021873311,7.804452697,55.05395395,3030.937845,0.63263663,59.00998787,3482.178669,0.010941433,3.3725131,11.37384461,0.157164648,0.092934817,0.00863688,1245.041369,539.0486551,290573.4525,1788.159399,549.0263113,301429.8905,20.84574024,6.862720186,47.09692834,2477.889183,1404.785224,1973421.526,1.695217623,2.360426697,5.571614191,0.011558463,0.078945665,0.006232418,0.046755386,0.02969187,0.000881607,-3.74E-06,0.146138757,0.021356536,-8.21E-05,0.069241516,0.004794388,7.426902494,4.804422827,23.0824787,Alternative,Devics,We Belong To No One,°µ°×ÍÇÃÒ,0.414,0.033,0.275,0.669,0.438,0.639,104.074,0.104,-10.826
72,fort minor - where'd you go.mp3,sad,89.10290948,101522,1720.711864,0.357657404,0.312469386,0.097637117,0.434210261,0.282075738,0.079566722,0.239007264,0.16189151,0.026208861,18.24857045,138.0752341,19064.77028,-1.214524433,50.37221795,2537.360341,0.01205252,3.04665876,9.282129599,0.240975112,0.152680069,0.023311205,1807.281786,987.3055985,974772.3448,1884.316287,894.1518293,799507.4938,21.78557706,7.770224814,60.37639365,3778.447986,2141.943328,4587921.22,2.877439643,4.240420331,17.98116458,0.013137448,0.092386281,0.008535225,0.076422251,0.051616884,0.002664303,-1.26E-05,0.19134666,0.036613543,-0.000168818,0.156833187,0.02459665,3.431909297,1.924899228,3.705237038,Hip-Hop,Fort Minor,Where'd You Go (feat. Holly Brook and Jonah Matranga),The Rising Tied,0.819,0.238,0.25,0.684,0.262,0.00197,179.999,0.113,-3.309
74,Please shine.mp3,relax,135.9991776,174681,1284.419118,0.29222529,0.294004034,0.086438372,0.447198244,0.26440522,0.06991012,0.248601455,0.146733261,0.02153065,4.054582069,34.36716196,1181.101821,-6.726907508,61.52674398,3785.540225,0.010638452,2.461480429,6.0588859,0.112753592,0.070701741,0.004998737,1254.294883,859.7829785,739226.7701,1470.742892,737.7075734,544212.4639,24.64302681,5.76778726,33.26736988,2469.705899,1806.994089,3265227.639,1.164922068,1.597901581,2.553289463,-0.013558851,0.097424159,0.009491467,0.058985093,0.051229962,0.002624509,-1.04E-05,0.116076082,0.013473656,-8.78E-05,0.039471209,0.001557976,10.99580952,5.328048562,28.38810148,Rock,We Shot The Moon,Please Shine,Fear And Love,0.318,0.0291,0.297,0.569,0.394,0,137.028,0.103,-8.663
76,Moriah Peters - Brave.mp3,happy,83.35433468,104925,1279.573171,0.261301131,0.301733632,0.091043185,0.412941183,0.295114405,0.087092512,0.239057569,0.161817218,0.026184812,10.495692,80.58170763,6493.411605,-2.198034067,47.00998728,2209.938904,0.010036968,3.448791122,11.8941602,0.191759408,0.110586725,0.012229424,2439.9152,974.8390935,950311.2583,2576.331476,588.3506541,346156.4922,22.65019325,7.505918506,56.33881262,5210.197661,2208.624238,4878021.023,2.181125448,3.237438694,10.4810093,-0.002230068,0.095342793,0.009090248,0.100717456,0.072158124,0.005206795,-7.91E-06,0.17428273,0.030374469,-2.13E-05,0.091337681,0.008342572,3.796462585,2.431135905,5.910421788,unknown,Moriah Peters,Brave,Brave,0.652,0.0389,0.508,0.449,0.256,1.33E-06,166.036,0.076,-4.401
78,A Wolf At The Door.mp3,sad,143.5546875,171324,1259.735294,0.344986648,0.299521554,0.089713161,0.446675921,0.281523877,0.079255693,0.243250021,0.155443754,0.024162761,9.956716117,51.56228268,2658.668995,0.786217601,45.48100219,2068.52156,0.011697634,3.079806006,9.485205032,0.195834324,0.074896306,0.005609456,1842.288032,875.612553,766697.343,2177.655452,641.1857206,411119.1283,21.9235633,7.224467445,52.19292987,3920.338794,2043.002019,4173857.248,2.331834403,2.827925114,7.997160451,-0.000804155,0.0885003,0.007832303,0.067974457,0.040163361,0.001613096,-1.34E-05,0.162807763,0.026506368,-0.00010155,0.088957533,0.007913442,4.379283447,2.284864775,5.22060704,unknown,Radiohead,A Wolf At The Door,Hail To The Thief,0.675,0.029,0.37,0.48,0.265,4.23E-06,138.784,0.235,-7.134
81,weezer-where-is-my-mind-pixies-cover.mp3,angry,151.9990809,193312,1280.211921,0.393778538,0.308381022,0.095098854,0.342756151,0.297364022,0.088425361,0.204997408,0.20324713,0.041309396,13.07729706,85.64533272,7335.123017,4.770731225,40.41760898,1633.583116,0.012327219,2.035740366,4.144238839,0.216120243,0.095117919,0.009047418,1824.874016,611.8917505,374411.5143,2362.02909,460.1437724,211732.2913,20.20605073,6.603502748,43.60624854,4166.170641,1558.778695,2429791.021,1.930277136,2.306397217,5.319468125,-0.012020443,0.105303433,0.011088813,0.054388182,0.037279964,0.001389796,4.31E-06,0.217358187,0.047244579,1.43E-05,0.048008677,0.002304833,2.766657596,2.024831637,4.099943159,Alternative,Nada Surf,Where Is My Mind,Pixies Tribute,0.532,0.0432,0.0414,0.474,0.00386,0.27,151.982,0.0805,-11.141
83,Someone To Save You.mp3,sad,86.1328125,106223,1249.682353,0.334175777,0.286835152,0.082274404,0.5040147,0.262731413,0.069027795,0.256458962,0.132522203,0.017562134,11.51104783,55.92908183,3128.062194,1.252540871,29.39507775,864.0705958,0.010892374,2.285163626,5.221972798,0.223416254,0.063069396,0.003977749,2221.991125,593.4815906,352220.3983,2251.578612,357.9252134,128110.4584,21.21794761,6.128712502,37.56111693,4460.023031,1213.221001,1471905.198,3.188307946,3.551515664,12.61326351,0.013514048,0.076336974,0.005827334,0.109276928,0.039978446,0.001598276,9.09E-07,0.181586668,0.032973718,-3.81E-05,0.096450508,0.0093027,4.721777778,3.373414918,11.37992821,Indie,OneRepublic,Someone To Save You,Dreaming Out Loud,0.824,0.0353,0.67,0.311,0.0316,1.50E-06,174.029,0.216,-4.019
84,chris-Life After You.mp3,sad,151.9990809,196475,1284.150327,0.342809191,0.293625676,0.086216037,0.414114337,0.279671198,0.078215979,0.232780942,0.170723069,0.029146366,15.80215868,78.18927528,6113.562768,4.53480798,27.95352983,781.39983,0.015895309,2.148498769,4.616046959,0.253533423,0.094370939,0.008905874,2427.549369,699.1195172,488768.0994,2513.277075,358.1919399,128301.4658,20.72686848,6.289292421,39.55519916,5186.243639,1397.140334,1952001.113,3.411175451,4.068801828,16.55514832,-0.001620372,0.089367406,0.007986533,0.10341453,0.045181755,0.002041391,1.75E-06,0.210061446,0.044125814,2.36E-05,0.105643347,0.011160517,2.86185941,1.745051429,3.045204488,Rock,Daughtry,Life After You,Leave This Town,0.764,0.0299,0.309,0.434,0.0534,0,51.316,0.437,-3.45
85,You.mp3,relax,92.28515625,117579,1292.076923,0.315854149,0.29991256,0.089947543,0.451849664,0.27174035,0.073842818,0.245638855,0.151640648,0.022994886,9.689335068,51.71956067,2674.912956,-1.497189912,33.29434335,1108.513299,0.01276204,2.306518909,5.320029477,0.195786059,0.078860849,0.006219034,2523.77647,765.981299,586727.3504,2745.187296,402.5540265,162049.7442,22.47568475,6.368157255,40.55342683,5722.998727,1631.374762,2661383.613,2.372988131,3.07479723,9.454378005,0.000706471,0.079800758,0.006368161,0.099049855,0.057657762,0.003324418,1.83E-05,0.171888098,0.02954552,7.51E-06,0.075599194,0.005715238,4.613804989,2.364346727,5.590135443,ÆäËûÀà±ð¡¾Other Genre¡¿,The Afters,You,I Wish We All Could Win,0.756,0.036,0.434,0.549,0.369,0,121.961,0.0891,-4.752
88,with me.mp3,angry,117.4538352,141231,1249.831858,0.286371217,0.289695538,0.083923505,0.471947373,0.269204728,0.072471186,0.247319224,0.1488843,0.022166535,10.77684417,53.8289521,2897.556085,0.224552379,32.95313411,1085.909048,0.014382327,2.298182412,5.2816424,0.208105624,0.073642544,0.005423224,2248.044079,743.5232529,552826.8276,2470.168755,420.2330335,176595.8024,23.06588564,8.887770623,78.99246665,5029.919585,1557.720737,2426493.894,2.551406699,3.074504517,9.452578027,0.018275673,0.075492946,0.005699185,0.092479788,0.050776231,0.002578226,-2.48E-05,0.182238281,0.033210792,-0.000296204,0.073369369,0.005383064,2.528653061,1.395573363,1.947625012,Punk,Sum 41,With Me,Underclass Hero,0.859,0.0425,0.128,0.164,0.0112,0,175.118,0.179,-4.031
92,No One s Gonna Love You.mp3,sad,151.9990809,186682,1305.468531,0.310062935,0.317717187,0.100944211,0.427863146,0.29412046,0.086506845,0.236064608,0.166153044,0.027606834,1.103421052,9.461505512,89.52008655,-9.257562315,72.27887117,5224.235218,0.007764725,2.5030193,6.265105618,0.058111515,0.037197098,0.001383624,1722.159817,893.801903,798881.8418,2084.207483,829.5503876,688153.8455,22.15458744,5.738167763,32.92656928,3578.440862,2210.27535,4885317.123,0.550417335,0.75031008,0.562965216,-0.004324254,0.091030444,0.008286542,0.069994664,0.058010124,0.003365174,2.30E-07,0.058252748,0.003393383,-6.71E-06,0.027350442,0.000748047,11.83753288,5.402129311,29.18300109,Adult Contemporary,Kristina Train,No One's Gonna Love You,Dark Black,0.503,0.0316,0.343,0.473,0.417,0.00173,148.855,0.101,-9.774
94,Soulmate.mp3,sad,172.265625,217248,1285.491124,0.279951681,0.302538172,0.091529346,0.411531838,0.276409603,0.076402268,0.239726573,0.160824449,0.025864503,3.073762304,30.46158848,927.9083725,-7.75727195,58.20228252,3387.505691,0.010847185,2.633260371,6.934060184,0.097655155,0.066744886,0.00445488,2010.286566,1159.325408,1344035.403,2436.319676,699.4283327,489199.9926,23.79056926,6.104734413,37.26778225,4365.661101,2616.561625,6846394.738,0.950812548,1.426673117,2.035396184,0.005771049,0.095587523,0.009136974,0.074165273,0.07199155,0.005182783,2.46E-08,0.09957467,0.009915115,-2.49E-05,0.038996845,0.001520754,2.780589569,1.834359884,3.364876184,unknown,Natasha Bedingfield,Soulmate,Pocketful Of Sunshine (Deluxe,0.602,0.038,0.349,0.453,0.351,0,169.753,0.117,-5.56
97,OneRepublic - I Lived.mp3,happy,123.046875,149867,1259.386555,0.283767612,0.304299818,0.092598379,0.423471822,0.283870469,0.080582443,0.236913556,0.164940293,0.0272053,4.145699155,32.93012009,1084.392809,-1.573850605,44.65593661,1994.152675,0.011200582,2.8165901,7.933179792,0.118467569,0.068898335,0.00474698,2470.730306,908.5842038,825525.2554,2607.02067,350.7602474,123032.7512,22.23833079,6.636349008,44.04112815,5351.930138,1685.02732,2839317.069,1.324046165,1.849797372,3.421750317,-0.016336675,0.087857577,0.007718954,0.106309637,0.079201811,0.006272927,-3.17E-05,0.108336128,0.011736716,2.45E-05,0.055500876,0.003080347,1.77168254,1.06675666,1.137969772,unknown,OneRepublic,I Lived,Native,0.85,0.0452,0.386,0.596,0.0728,0,119.985,0.26,-5.402
98,Eminem - Space Bound.mp3,sad,143.5546875,173063,1573.3,0.432178389,0.292480967,0.085545116,0.493372464,0.287626197,0.082728829,0.247197246,0.149086737,0.022226855,11.55577744,69.03290185,4765.541538,1.980217209,39.59136962,1567.476549,0.01257658,2.901834554,8.420643779,0.195772037,0.121114008,0.014668603,2409.029501,1019.720099,1039829.08,2419.904393,618.5177277,382564.1794,19.85296481,6.750325288,45.5668915,4933.249336,2067.700501,4275385.363,2.411920073,3.39671947,11.53770316,-0.005928787,0.077141365,0.00595079,0.111779369,0.059174489,0.00350162,2.16E-06,0.166568175,0.027744954,9.73E-05,0.112949945,0.01275769,16.9981678,2.782749301,7.743693673,unknown,Eminem,Space Bound,Recovery,0.878,0.131,0.511,0.669,0.0406,0,142.035,0.48,-3.394
100,21guns-greenday.mp3,angry,78.30255682,82719,1165.056338,0.333812845,0.298081491,0.088852575,0.466381691,0.274359561,0.075273169,0.251350002,0.141973624,0.02015651,9.6901957,56.20265964,3158.738951,0.463643116,34.91135944,1218.803018,0.012239949,2.667645237,7.11633111,0.193429887,0.082047246,0.006731751,2165.373752,745.5362922,555824.3629,2274.577377,494.7867742,244813.9519,22.15866767,6.846101192,46.86910154,4552.939136,1576.052775,2483942.35,2.404558176,3.082379706,9.501064652,-0.006490544,0.083710089,0.007007379,0.091793285,0.048666413,0.00236842,-6.04E-07,0.172303736,0.02968858,-0.000150302,0.075170398,0.005650588,6.698956916,3.585325669,12.85456015,unknown,unknown,Track 1,Unknown Album (þ06/þ08/þ2009 10:18:28),0.511,0.187,0.183,0.866,0.236,0.897,125.008,0.105,-10.436
105,pedalo.mp3,relax,99.38401442,125549,1281.112245,0.254086231,0.304724317,0.092856909,0.402902659,0.290523452,0.084403876,0.238060949,0.163279876,0.026660318,2.859654048,43.84298234,1922.2071,-9.741478458,66.29038412,4394.415026,0.00802552,3.807109129,14.49407992,0.08596655,0.071202882,0.00506985,1616.281805,1062.779863,1129501.036,1743.036717,671.277151,450613.0135,22.87710112,6.509718191,42.37643092,2762.27913,2014.496371,4058195.628,0.756650761,1.168313614,1.3649567,-0.008328774,0.092814364,0.008614506,0.085604925,0.073356547,0.005381183,-1.14E-06,0.097190261,0.009445947,1.51E-05,0.034003235,0.00115622,4.666049887,2.608330435,6.803387656,Other,The Heart Strings,Pedalo,Try Fly Blue Sky,0.342,0.038,0.452,0.849,0.616,0.031,99.009,0.0402,-8.717
107,along the wall.mp3,sad,99.38401442,126771,1280.515152,0.26703053,0.299722409,0.089833523,0.439293097,0.275093013,0.075676166,0.239701252,0.160862187,0.025876643,7.358432821,47.0781498,2216.352188,-1.290232151,51.23919853,2625.455466,0.007389813,2.408917558,5.802883799,0.161442801,0.081078969,0.0065738,1648.691205,853.2702756,728070.1632,1932.623569,779.9234725,608280.623,23.23543658,6.212426276,38.59424023,3354.204718,1864.204364,3475257.911,1.720021503,2.181432379,4.758647224,0.018850086,0.092467621,0.008550261,0.071718954,0.045422122,0.002063169,-5.26E-05,0.157754928,0.024886616,2.62E-05,0.054904748,0.003014531,4.911020408,2.576447286,6.638080619,Pop,Leigh Nash,Along The Wall,Blue On Blue,0.578,0.0226,0.421,0.612,0.551,0.246,99.015,0.0835,-7.435
108,U2 - With Or Without You.mp3,sad,107.6660156,135973,1270.775701,0.392887337,0.303852789,0.092326518,0.391736145,0.296594692,0.087968411,0.223663224,0.182505056,0.033308096,3.508622279,23.78768902,565.8541488,1.40968023,74.57364229,5561.228125,0.012997724,3.601320109,12.96950653,0.114216171,0.045056593,0.002030096,1173.867169,813.9303412,662482.6004,1750.64839,691.2477992,477823.5199,23.2702206,7.562487929,57.19122368,2584.317706,1902.474646,3619409.778,0.855978336,1.021762116,1.043997821,-0.003305046,0.089107995,0.007940235,0.042180206,0.026065942,0.000679433,4.54E-06,0.112546019,0.012666607,-2.87E-05,0.027455658,0.000753813,2.676099773,1.317635247,1.736162643,Rock,U2,With or Without You,U2 - the best of 1980-1990,0.432,0.0288,0.107,0.543,0.000207,0.369,110.196,0.146,-11.832
110,Bruno Mars-Talking To The Moon.mp3,sad,143.5546875,183855,1276.770833,0.254280634,0.29517858,0.087130394,0.410775206,0.275146204,0.075705433,0.233966598,0.169094542,0.028592964,10.48327002,89.52077712,8013.969535,-4.802757179,47.4337297,2249.958714,0.010820439,2.401650902,5.767927057,0.18060343,0.116574191,0.013589541,1791.457144,921.8394589,849787.9879,2032.327298,541.6148729,293346.6705,23.54978965,5.973816264,35.68648076,3441.375024,1819.277753,3309771.541,1.855204224,2.540574183,6.454517178,0.00776726,0.101067825,0.010214705,0.078595897,0.06380929,0.004071625,6.15E-06,0.194111422,0.037679244,-0.000137769,0.056133516,0.003150972,4.228353741,2.233789808,4.989816908,Abstract,Bruno Mars,Talking To The Moon,It's Better If You Don't Under,0.606,0.0301,0.065,0.523,0.512,0,145.837,0.106,-4.754
112,The Weepies-Gotta Have You.mp3,relax,151.9990809,189562,1334.943662,0.264838621,0.300406717,0.090244196,0.407675321,0.288186619,0.083051527,0.233633693,0.169554213,0.028748631,8.924941547,56.01230641,3137.378469,-0.381986743,55.20929314,3048.066049,0.010800305,2.934492241,8.611244714,0.17863439,0.078815371,0.006211862,1390.265013,739.6336989,547058.0086,2061.391933,562.6202835,316541.5834,23.08428309,6.208203513,38.54179085,2762.30413,1957.609276,3832234.077,1.61485624,2.020961828,4.084286711,-0.005943251,0.095064817,0.00903732,0.045146552,0.031019884,0.000962233,-1.39E-05,0.16993843,0.028879069,-2.01E-05,0.061714396,0.003808666,5.037569161,1.361162278,1.852762746,Abstract,The Weepies,Gotta Have You,Say I am you,0.363,0.0318,0.543,0.679,0.872,9.52E-05,75.004,0.0798,-10.9
117,gotye - somebody that i used to know.mp3,sad,129.1992188,163392,1286.551181,0.337810907,0.310188864,0.096217131,0.470875769,0.280960134,0.078938597,0.258376487,0.128743637,0.016574924,3.454686137,24.7994473,615.0125863,-0.209854108,65.45978984,4284.984086,0.012999539,3.821970894,14.60746151,0.109291241,0.053530097,0.002865471,1137.248717,815.4289673,664924.4007,1694.239809,464.2122749,215493.0362,19.35516745,7.158828177,51.24882087,2225.711541,1675.408445,2806993.458,1.063470905,1.46855984,2.156668003,0.000366119,0.076162135,0.005800671,0.041212714,0.058198358,0.003387049,0.000203903,0.085324734,0.00728031,-0.000143111,0.062399365,0.003893681,3.037170068,1.446728028,2.093021986,unknown,Gotye,Somebody That I Used to Know,2011Äê7ÔÂÅ·ÃÀÐÂ¸èËÙµÝ,0.517,0.0384,0.754,0.857,0.565,0.000195,129.063,0.102,-6.972